T,break_type,snr,lambda,error,param,power,n_rej,n_reps
100,shape-driven,0.05,0.25,iid,0.0,0.0,0,2000
100,shape-driven,0.05,0.25,ar,0.3,0.0,0,2000
100,shape-driven,0.05,0.5,iid,0.0,0.0,0,2000
100,shape-driven,0.05,0.5,ar,0.3,0.0,0,2000
100,shape-driven,0.05,0.75,iid,0.0,0.0,0,2000
100,shape-driven,0.05,0.75,ar,0.3,0.0005,1,2000
100,shape-driven,0.1,0.25,iid,0.0,0.0,0,2000
100,shape-driven,0.1,0.25,ar,0.3,0.0,0,2000
100,shape-driven,0.1,0.5,iid,0.0,0.0005,1,2000
100,shape-driven,0.1,0.5,ar,0.3,0.0005,1,2000
100,shape-driven,0.1,0.75,iid,0.0,0.0,0,2000
100,shape-driven,0.1,0.75,ar,0.3,0.0005,1,2000
100,shape-driven,0.2,0.25,iid,0.0,0.0005,1,2000
100,shape-driven,0.2,0.25,ar,0.3,0.0005,1,2000
100,shape-driven,0.2,0.5,iid,0.0,0.0215,43,2000
100,shape-driven,0.2,0.5,ar,0.3,0.0065,13,2000
100,shape-driven,0.2,0.75,iid,0.0,0.0005,1,2000
100,shape-driven,0.2,0.75,ar,0.3,0.0005,1,2000
100,price-driven,0.25,0.25,iid,0.0,0.0,0,2000
100,price-driven,0.25,0.25,ar,0.3,0.0005,1,2000
100,price-driven,0.25,0.5,iid,0.0,0.0035,7,2000
100,price-driven,0.25,0.5,ar,0.3,0.0015,3,2000
100,price-driven,0.25,0.75,iid,0.0,0.0,0,2000
100,price-driven,0.25,0.75,ar,0.3,0.0,0,2000
100,price-driven,0.5,0.25,iid,0.0,0.0005,1,2000
100,price-driven,0.5,0.25,ar,0.3,0.001,2,2000
100,price-driven,0.5,0.5,iid,0.0,0.064,128,2000
100,price-driven,0.5,0.5,ar,0.3,0.0245,49,2000
100,price-driven,0.5,0.75,iid,0.0,0.0,0,2000
100,price-driven,0.5,0.75,ar,0.3,0.0005,1,2000
100,price-driven,1.0,0.25,iid,0.0,0.0015,3,2000
100,price-driven,1.0,0.25,ar,0.3,0.0035,7,2000
100,price-driven,1.0,0.5,iid,0.0,0.9025,1805,2000
100,price-driven,1.0,0.5,ar,0.3,0.5755,1151,2000
100,price-driven,1.0,0.75,iid,0.0,0.001,2,2000
100,price-driven,1.0,0.75,ar,0.3,0.0035,7,2000
100,joint,0.05,0.25,iid,0.0,0.0,0,2000
100,joint,0.05,0.25,ar,0.3,0.0,0,2000
100,joint,0.05,0.5,iid,0.0,0.0,0,2000
100,joint,0.05,0.5,ar,0.3,0.0,0,2000
100,joint,0.05,0.75,iid,0.0,0.0,0,2000
100,joint,0.05,0.75,ar,0.3,0.0,0,2000
100,joint,0.1,0.25,iid,0.0,0.0,0,2000
100,joint,0.1,0.25,ar,0.3,0.0005,1,2000
100,joint,0.1,0.5,iid,0.0,0.0005,1,2000
100,joint,0.1,0.5,ar,0.3,0.0005,1,2000
100,joint,0.1,0.75,iid,0.0,0.0005,1,2000
100,joint,0.1,0.75,ar,0.3,0.0,0,2000
100,joint,0.2,0.25,iid,0.0,0.001,2,2000
100,joint,0.2,0.25,ar,0.3,0.0,0,2000
100,joint,0.2,0.5,iid,0.0,0.034,68,2000
100,joint,0.2,0.5,ar,0.3,0.0125,25,2000
100,joint,0.2,0.75,iid,0.0,0.0,0,2000
100,joint,0.2,0.75,ar,0.3,0.001,2,2000
250,shape-driven,0.05,0.25,iid,0.0,0.014,28,2000
250,shape-driven,0.05,0.25,ar,0.3,0.02,40,2000
250,shape-driven,0.05,0.5,iid,0.0,0.0265,53,2000
250,shape-driven,0.05,0.5,ar,0.3,0.0345,69,2000
250,shape-driven,0.05,0.75,iid,0.0,0.015,30,2000
250,shape-driven,0.05,0.75,ar,0.3,0.022,44,2000
250,shape-driven,0.1,0.25,iid,0.0,0.0375,75,2000
250,shape-driven,0.1,0.25,ar,0.3,0.037,74,2000
250,shape-driven,0.1,0.5,iid,0.0,0.2025,405,2000
250,shape-driven,0.1,0.5,ar,0.3,0.1185,237,2000
250,shape-driven,0.1,0.75,iid,0.0,0.034,68,2000
250,shape-driven,0.1,0.75,ar,0.3,0.038,76,2000
250,shape-driven,0.2,0.25,iid,0.0,0.3685,737,2000
250,shape-driven,0.2,0.25,ar,0.3,0.214,428,2000
250,shape-driven,0.2,0.5,iid,0.0,0.948,1896,2000
250,shape-driven,0.2,0.5,ar,0.3,0.695,1390,2000
250,shape-driven,0.2,0.75,iid,0.0,0.379,758,2000
250,shape-driven,0.2,0.75,ar,0.3,0.213,426,2000
250,price-driven,0.25,0.25,iid,0.0,0.0715,143,2000
250,price-driven,0.25,0.25,ar,0.3,0.0515,103,2000
250,price-driven,0.25,0.5,iid,0.0,0.4255,851,2000
250,price-driven,0.25,0.5,ar,0.3,0.234,468,2000
250,price-driven,0.25,0.75,iid,0.0,0.0655,131,2000
250,price-driven,0.25,0.75,ar,0.3,0.0535,107,2000
250,price-driven,0.5,0.25,iid,0.0,0.7175,1435,2000
250,price-driven,0.5,0.25,ar,0.3,0.3965,793,2000
250,price-driven,0.5,0.5,iid,0.0,0.9995,1999,2000
250,price-driven,0.5,0.5,ar,0.3,0.9215,1843,2000
250,price-driven,0.5,0.75,iid,0.0,0.7395,1479,2000
250,price-driven,0.5,0.75,ar,0.3,0.401,802,2000
250,price-driven,1.0,0.25,iid,0.0,1.0,2000,2000
250,price-driven,1.0,0.25,ar,0.3,0.997,1994,2000
250,price-driven,1.0,0.5,iid,0.0,1.0,2000,2000
250,price-driven,1.0,0.5,ar,0.3,1.0,2000,2000
250,price-driven,1.0,0.75,iid,0.0,1.0,2000,2000
250,price-driven,1.0,0.75,ar,0.3,0.9995,1999,2000
250,joint,0.05,0.25,iid,0.0,0.0165,33,2000
250,joint,0.05,0.25,ar,0.3,0.0215,43,2000
250,joint,0.05,0.5,iid,0.0,0.032,64,2000
250,joint,0.05,0.5,ar,0.3,0.043,86,2000
250,joint,0.05,0.75,iid,0.0,0.0115,23,2000
250,joint,0.05,0.75,ar,0.3,0.0225,45,2000
250,joint,0.1,0.25,iid,0.0,0.0485,97,2000
250,joint,0.1,0.25,ar,0.3,0.047,94,2000
250,joint,0.1,0.5,iid,0.0,0.292,584,2000
250,joint,0.1,0.5,ar,0.3,0.1635,327,2000
250,joint,0.1,0.75,iid,0.0,0.048,96,2000
250,joint,0.1,0.75,ar,0.3,0.053,106,2000
250,joint,0.2,0.25,iid,0.0,0.521,1042,2000
250,joint,0.2,0.25,ar,0.3,0.263,526,2000
250,joint,0.2,0.5,iid,0.0,0.991,1982,2000
250,joint,0.2,0.5,ar,0.3,0.8365,1673,2000
250,joint,0.2,0.75,iid,0.0,0.55,1100,2000
250,joint,0.2,0.75,ar,0.3,0.2635,527,2000
500,shape-driven,0.05,0.25,iid,0.0,0.0565,113,2000
500,shape-driven,0.05,0.25,ar,0.3,0.0645,129,2000
500,shape-driven,0.05,0.5,iid,0.0,0.136,272,2000
500,shape-driven,0.05,0.5,ar,0.3,0.1075,215,2000
500,shape-driven,0.05,0.75,iid,0.0,0.0545,109,2000
500,shape-driven,0.05,0.75,ar,0.3,0.062,124,2000
500,shape-driven,0.1,0.25,iid,0.0,0.319,638,2000
500,shape-driven,0.1,0.25,ar,0.3,0.2115,423,2000
500,shape-driven,0.1,0.5,iid,0.0,0.7785,1557,2000
500,shape-driven,0.1,0.5,ar,0.3,0.497,994,2000
500,shape-driven,0.1,0.75,iid,0.0,0.29,580,2000
500,shape-driven,0.1,0.75,ar,0.3,0.197,394,2000
500,shape-driven,0.2,0.25,iid,0.0,0.998,1996,2000
500,shape-driven,0.2,0.25,ar,0.3,0.862,1724,2000
500,shape-driven,0.2,0.5,iid,0.0,1.0,2000,2000
500,shape-driven,0.2,0.5,ar,0.3,0.996,1992,2000
500,shape-driven,0.2,0.75,iid,0.0,0.994,1988,2000
500,shape-driven,0.2,0.75,ar,0.3,0.8675,1735,2000
500,price-driven,0.25,0.25,iid,0.0,0.5975,1195,2000
500,price-driven,0.25,0.25,ar,0.3,0.337,674,2000
500,price-driven,0.25,0.5,iid,0.0,0.962,1924,2000
500,price-driven,0.25,0.5,ar,0.3,0.7455,1491,2000
500,price-driven,0.25,0.75,iid,0.0,0.6025,1205,2000
500,price-driven,0.25,0.75,ar,0.3,0.328,656,2000
500,price-driven,0.5,0.25,iid,0.0,1.0,2000,2000
500,price-driven,0.5,0.25,ar,0.3,0.988,1976,2000
500,price-driven,0.5,0.5,iid,0.0,1.0,2000,2000
500,price-driven,0.5,0.5,ar,0.3,1.0,2000,2000
500,price-driven,0.5,0.75,iid,0.0,1.0,2000,2000
500,price-driven,0.5,0.75,ar,0.3,0.9895,1979,2000
500,price-driven,1.0,0.25,iid,0.0,1.0,2000,2000
500,price-driven,1.0,0.25,ar,0.3,1.0,2000,2000
500,price-driven,1.0,0.5,iid,0.0,1.0,2000,2000
500,price-driven,1.0,0.5,ar,0.3,1.0,2000,2000
500,price-driven,1.0,0.75,iid,0.0,1.0,2000,2000
500,price-driven,1.0,0.75,ar,0.3,1.0,2000,2000
500,joint,0.05,0.25,iid,0.0,0.0695,139,2000
500,joint,0.05,0.25,ar,0.3,0.068,136,2000
500,joint,0.05,0.5,iid,0.0,0.2115,423,2000
500,joint,0.05,0.5,ar,0.3,0.1515,303,2000
500,joint,0.05,0.75,iid,0.0,0.066,132,2000
500,joint,0.05,0.75,ar,0.3,0.074,148,2000
500,joint,0.1,0.25,iid,0.0,0.4625,925,2000
500,joint,0.1,0.25,ar,0.3,0.2575,515,2000
500,joint,0.1,0.5,iid,0.0,0.879,1758,2000
500,joint,0.1,0.5,ar,0.3,0.6025,1205,2000
500,joint,0.1,0.75,iid,0.0,0.4615,923,2000
500,joint,0.1,0.75,ar,0.3,0.2445,489,2000
500,joint,0.2,0.25,iid,0.0,0.9995,1999,2000
500,joint,0.2,0.25,ar,0.3,0.9505,1901,2000
500,joint,0.2,0.5,iid,0.0,1.0,2000,2000
500,joint,0.2,0.5,ar,0.3,1.0,2000,2000
500,joint,0.2,0.75,iid,0.0,0.9995,1999,2000
500,joint,0.2,0.75,ar,0.3,0.947,1894,2000
1000,shape-driven,0.05,0.25,iid,0.0,0.163,326,2000
1000,shape-driven,0.05,0.25,ar,0.3,0.1195,239,2000
1000,shape-driven,0.05,0.5,iid,0.0,0.449,898,2000
1000,shape-driven,0.05,0.5,ar,0.3,0.272,544,2000
1000,shape-driven,0.05,0.75,iid,0.0,0.181,362,2000
1000,shape-driven,0.05,0.75,ar,0.3,0.123,246,2000
1000,shape-driven,0.1,0.25,iid,0.0,0.866,1732,2000
1000,shape-driven,0.1,0.25,ar,0.3,0.5495,1099,2000
1000,shape-driven,0.1,0.5,iid,0.0,0.997,1994,2000
1000,shape-driven,0.1,0.5,ar,0.3,0.904,1808,2000
1000,shape-driven,0.1,0.75,iid,0.0,0.858,1716,2000
1000,shape-driven,0.1,0.75,ar,0.3,0.5395,1079,2000
1000,shape-driven,0.2,0.25,iid,0.0,1.0,2000,2000
1000,shape-driven,0.2,0.25,ar,0.3,1.0,2000,2000
1000,shape-driven,0.2,0.5,iid,0.0,1.0,2000,2000
1000,shape-driven,0.2,0.5,ar,0.3,1.0,2000,2000
1000,shape-driven,0.2,0.75,iid,0.0,1.0,2000,2000
1000,shape-driven,0.2,0.75,ar,0.3,0.999,1998,2000
1000,price-driven,0.25,0.25,iid,0.0,0.992,1984,2000
1000,price-driven,0.25,0.25,ar,0.3,0.8175,1635,2000
1000,price-driven,0.25,0.5,iid,0.0,1.0,2000,2000
1000,price-driven,0.25,0.5,ar,0.3,0.992,1984,2000
1000,price-driven,0.25,0.75,iid,0.0,0.992,1984,2000
1000,price-driven,0.25,0.75,ar,0.3,0.8105,1621,2000
1000,price-driven,0.5,0.25,iid,0.0,1.0,2000,2000
1000,price-driven,0.5,0.25,ar,0.3,1.0,2000,2000
1000,price-driven,0.5,0.5,iid,0.0,1.0,2000,2000
1000,price-driven,0.5,0.5,ar,0.3,1.0,2000,2000
1000,price-driven,0.5,0.75,iid,0.0,1.0,2000,2000
1000,price-driven,0.5,0.75,ar,0.3,1.0,2000,2000
1000,price-driven,1.0,0.25,iid,0.0,1.0,2000,2000
1000,price-driven,1.0,0.25,ar,0.3,1.0,2000,2000
1000,price-driven,1.0,0.5,iid,0.0,1.0,2000,2000
1000,price-driven,1.0,0.5,ar,0.3,1.0,2000,2000
1000,price-driven,1.0,0.75,iid,0.0,1.0,2000,2000
1000,price-driven,1.0,0.75,ar,0.3,1.0,2000,2000
1000,joint,0.05,0.25,iid,0.0,0.222,444,2000
1000,joint,0.05,0.25,ar,0.3,0.168,336,2000
1000,joint,0.05,0.5,iid,0.0,0.584,1168,2000
1000,joint,0.05,0.5,ar,0.3,0.3475,695,2000
1000,joint,0.05,0.75,iid,0.0,0.246,492,2000
1000,joint,0.05,0.75,ar,0.3,0.1465,293,2000
1000,joint,0.1,0.25,iid,0.0,0.951,1902,2000
1000,joint,0.1,0.25,ar,0.3,0.695,1390,2000
1000,joint,0.1,0.5,iid,0.0,0.9995,1999,2000
1000,joint,0.1,0.5,ar,0.3,0.957,1914,2000
1000,joint,0.1,0.75,iid,0.0,0.944,1888,2000
1000,joint,0.1,0.75,ar,0.3,0.7035,1407,2000
1000,joint,0.2,0.25,iid,0.0,1.0,2000,2000
1000,joint,0.2,0.25,ar,0.3,1.0,2000,2000
1000,joint,0.2,0.5,iid,0.0,1.0,2000,2000
1000,joint,0.2,0.5,ar,0.3,1.0,2000,2000
1000,joint,0.2,0.75,iid,0.0,1.0,2000,2000
1000,joint,0.2,0.75,ar,0.3,1.0,2000,2000
2000,shape-driven,0.05,0.25,iid,0.0,0.5055,1011,2000
2000,shape-driven,0.05,0.25,ar,0.3,0.2805,561,2000
2000,shape-driven,0.05,0.5,iid,0.0,0.8755,1751,2000
2000,shape-driven,0.05,0.5,ar,0.3,0.587,1174,2000
2000,shape-driven,0.05,0.75,iid,0.0,0.5205,1041,2000
2000,shape-driven,0.05,0.75,ar,0.3,0.295,590,2000
2000,shape-driven,0.1,0.25,iid,0.0,1.0,2000,2000
2000,shape-driven,0.1,0.25,ar,0.3,0.9435,1887,2000
2000,shape-driven,0.1,0.5,iid,0.0,1.0,2000,2000
2000,shape-driven,0.1,0.5,ar,0.3,0.9985,1997,2000
2000,shape-driven,0.1,0.75,iid,0.0,0.999,1998,2000
2000,shape-driven,0.1,0.75,ar,0.3,0.954,1908,2000
2000,shape-driven,0.2,0.25,iid,0.0,1.0,2000,2000
2000,shape-driven,0.2,0.25,ar,0.3,1.0,2000,2000
2000,shape-driven,0.2,0.5,iid,0.0,1.0,2000,2000
2000,shape-driven,0.2,0.5,ar,0.3,1.0,2000,2000
2000,shape-driven,0.2,0.75,iid,0.0,1.0,2000,2000
2000,shape-driven,0.2,0.75,ar,0.3,1.0,2000,2000
2000,price-driven,0.25,0.25,iid,0.0,1.0,2000,2000
2000,price-driven,0.25,0.25,ar,0.3,0.9985,1997,2000
2000,price-driven,0.25,0.5,iid,0.0,1.0,2000,2000
2000,price-driven,0.25,0.5,ar,0.3,1.0,2000,2000
2000,price-driven,0.25,0.75,iid,0.0,1.0,2000,2000
2000,price-driven,0.25,0.75,ar,0.3,0.998,1996,2000
2000,price-driven,0.5,0.25,iid,0.0,1.0,2000,2000
2000,price-driven,0.5,0.25,ar,0.3,1.0,2000,2000
2000,price-driven,0.5,0.5,iid,0.0,1.0,2000,2000
2000,price-driven,0.5,0.5,ar,0.3,1.0,2000,2000
2000,price-driven,0.5,0.75,iid,0.0,1.0,2000,2000
2000,price-driven,0.5,0.75,ar,0.3,1.0,2000,2000
2000,price-driven,1.0,0.25,iid,0.0,1.0,2000,2000
2000,price-driven,1.0,0.25,ar,0.3,1.0,2000,2000
2000,price-driven,1.0,0.5,iid,0.0,1.0,2000,2000
2000,price-driven,1.0,0.5,ar,0.3,1.0,2000,2000
2000,price-driven,1.0,0.75,iid,0.0,1.0,2000,2000
2000,price-driven,1.0,0.75,ar,0.3,1.0,2000,2000
2000,joint,0.05,0.25,iid,0.0,0.6515,1303,2000
2000,joint,0.05,0.25,ar,0.3,0.3685,737,2000
2000,joint,0.05,0.5,iid,0.0,0.942,1884,2000
2000,joint,0.05,0.5,ar,0.3,0.6995,1399,2000
2000,joint,0.05,0.75,iid,0.0,0.6285,1257,2000
2000,joint,0.05,0.75,ar,0.3,0.3585,717,2000
2000,joint,0.1,0.25,iid,0.0,1.0,2000,2000
2000,joint,0.1,0.25,ar,0.3,0.9865,1973,2000
2000,joint,0.1,0.5,iid,0.0,1.0,2000,2000
2000,joint,0.1,0.5,ar,0.3,1.0,2000,2000
2000,joint,0.1,0.75,iid,0.0,1.0,2000,2000
2000,joint,0.1,0.75,ar,0.3,0.988,1976,2000
2000,joint,0.2,0.25,iid,0.0,1.0,2000,2000
2000,joint,0.2,0.25,ar,0.3,1.0,2000,2000
2000,joint,0.2,0.5,iid,0.0,1.0,2000,2000
2000,joint,0.2,0.5,ar,0.3,1.0,2000,2000
2000,joint,0.2,0.75,iid,0.0,1.0,2000,2000
2000,joint,0.2,0.75,ar,0.3,1.0,2000,2000

